#,Squadra,Giocate,Min,Totale,Media,40 Min
1,"(2001) 
Benetton Treviso",36,7250,3359,51.8,51.8
2,"(1987) 
Basket Brescia",30,6100,3035,51.8,51.8
3,"(1987) 
Tracer Milano",30,6025,3055,55.4,55.4
4,"(1989) 
Scavolini Pesaro",30,6025,2944,53.8,53.8
5,"(2001) 
Skipper Bologna",36,7200,3075,49.7,49.7
6,"(1990) 
Scavolini Pesaro",30,6050,3004,55.7,55.7
7,"(2001) 
Metis Varese",36,7200,3086,48.5,48.5
8,"(2002) 
Benetton Treviso",34,6825,3093,52.3,52.3
9,"(2001) 
Kinder Bologna",36,7225,3121,51.3,51.3
10,"(2001) 
Viola Reggio Calabria",36,7250,2972,47.1,47.1
11,"(1988) 
Enichem Livorno",30,6050,2897,55.3,55.3
12,"(2000) 
Varese Roosters",34,6825,3020,48.7,48.7
13,"(1987) 
Divarese Varese",30,6100,2840,52,52
14,"(2000) 
Kinder Bologna",34,6850,3018,51.3,51.3
15,"(2001) 
Montepaschi Siena",36,7300,2975,52.3,52.3
16,"(1990) 
Filanto Forli'",30,6025,2980,51.7,51.7
17,"(2000) 
Müller Verona",34,6850,3056,49.7,49.7
18,"(2000) 
Viola Reggio Calabria",34,6825,2939,49.7,49.7
19,"(1989) 
A. Ranger Varese",30,6025,2860,52.5,52.5
20,"(2001) 
Scavolini Pesaro",36,7275,3003,48.6,48.6
21,"(1990) 
A. Ranger Varese",30,6075,2802,52.4,52.4
22,"(2001) 
Euro Roseto",36,7250,3018,49.3,49.3
23,"(2001) 
Oregon Scientific Cantu'",36,7225,2979,48,48
24,"(2000) 
Vip Rimini",34,6800,2914,48.4,48.4
25,"(1989) 
Il Messaggero Roma",30,6025,2802,53.5,53.5
26,"(1987) 
Hitachi Venezia",30,6025,2855,53.2,53.2
27,"(1987) 
Banco Roma",30,6025,2776,54.2,54.2
28,"(2005) 
Carpisa Napoli",34,6875,3051,50.2,50.2
29,"(1987) 
Snaidero Caserta",30,6000,2927,50.2,50.2
30,"(1987) 
Neutroroberts Firenze",30,6075,2689,50.4,50.4
31,"(2000) 
Scavolini Pesaro",34,6875,2969,48.7,48.7
32,"(2001) 
Lauretana Biella",36,7300,2966,46.8,46.8
33,"(1990) 
Auxilium Torino",30,6020,2903,56.1,56.1
34,"(2001) 
Mabo Prefabbricati Livorno",36,7250,2979,48.4,48.4
35,"(2003) 
Montepaschi Siena",34,6825,3014,50,50
36,"(2007) 
Pierrel Capo d'Orlando",34,6875,2941,48.2,48.2
37,"(2003) 
Benetton Treviso",34,6625,2943,52.8,52.8
38,"(1987) 
Scavolini Pesaro",30,6050,2823,51.6,51.6
39,"(1990) 
Benetton Treviso",30,6000,2742,53.9,53.9
40,"(1991) 
Benetton Treviso",30,6000,2736,55.5,55.5
41,"(2003) 
Teramo Basket",34,6875,3098,46.4,46.4
42,"(2001) 
Adecco Milano",36,7300,2953,46.5,46.5
43,"(2000) 
Snaidero Udine",34,6850,2829,48.5,48.5
44,"(2007) 
Air Avellino",34,6825,2878,49,49
45,"(2001) 
Fabriano Basket",36,7275,2983,44.2,44.2
46,"(1988) 
Philips Milano",30,6000,2760,52.7,52.7
47,"(1991) 
Philips Milano",30,6050,2842,53.4,53.4
48,"(1987) 
Arexons Cantù",30,6075,2815,53,53
49,"(1989) 
Philips Milano",30,6000,2797,51.2,51.2
50,"(2005) 
Climamio Bologna",34,6875,2929,48.7,48.7
51,"(2007) 
Montepaschi Siena",34,6825,2998,50.4,50.4
52,"(1989) 
Enimont Livorno",30,6025,2699,53.1,53.1
53,"(2003) 
Pompea Napoli",34,6825,2858,49.5,49.5
54,"(2003) 
Scavolini Pesaro",34,6700,2918,50.9,50.9
55,"(2001) 
De Vizia Avellino",36,7250,2869,48.3,48.3
56,"(2001) 
Müller Verona",36,7225,2852,46.2,46.2
57,"(2000) 
Adecco Milano",34,6875,2870,48.6,48.6
58,"(2006) 
Montepaschi Siena",34,6875,2943,49.1,49.1
59,"(1995) 
Buckler Bologna",32,6450,2889,54.9,54.9
60,"(2003) 
Skipper Bologna",34,6770,2947,50,50
61,"(2004) 
Pompea Napoli",34,6900,2885,48.5,48.5
62,"(1994) 
Cagiva Varese",32,6475,2874,54.6,54.6
63,"(2005) 
Benetton Treviso",34,6875,2862,49.2,49.2
64,"(2000) 
Benetton Treviso",34,6850,2964,51.3,51.3
65,"(2004) 
Lauretana Biella",34,6800,2747,47.7,47.7
66,"(2003) 
Air Avellino",34,6825,2834,49.7,49.7
67,"(1987) 
Dietor Bologna",30,6075,2695,49.3,49.3
68,"(2001) 
Snaidero Udine",36,7225,2858,47.6,47.6
69,"(2002) 
Montepaschi Siena",34,6850,2813,50.3,50.3
70,"(1987) 
Wuber Napoli",30,6100,2634,49.8,49.8
71,"(1991) 
Il Messaggero Roma",30,6050,2778,55.3,55.3
72,"(1987) 
Allibert Livorno",30,6050,2576,51.9,51.9
73,"(1990) 
Phonola Caserta",30,6050,2689,52,52
74,"(2000) 
BingoSNAI Montecatini",34,6850,2806,48.6,48.6
75,"(1989) 
Knorr Bologna",30,6000,2664,49,49
76,"(2004) 
Montepaschi Siena",34,6825,2875,49.1,49.1
77,"(2004) 
Climamio Bologna",34,6925,2897,48.3,48.3
78,"(1995) 
Scavolini Pesaro",32,6475,2791,51.4,51.4
79,"(2003) 
Euro Roseto",34,6570,2841,50,50
80,"(2005) 
VidiVici Bologna",34,6825,2887,47.4,47.4
81,"(2005) 
Navigo.it Teramo",34,6800,2786,45.7,45.7
82,"(1987) 
S. Benedetto Torino",30,6000,2711,52.8,52.8
83,"(1989) 
Vismara Cantu'",30,6000,2676,53.6,53.6
84,"(1995) 
Benetton Treviso",32,6425,2761,52.9,52.9
85,"(1990) 
Libertas Livorno",30,6025,2718,51.1,51.1
86,"(1988) 
Scavolini Pesaro",30,6000,2678,53.3,53.3
87,"(1987) 
Enichem Livorno",30,6050,2782,51.9,51.9
88,"(2005) 
Bipop Carire R.Emilia",34,6975,2796,47.1,47.1
89,"(2000) 
Lineltex Imola",34,6900,2894,45.8,45.8
90,"(2000) 
Montepaschi Siena",34,6875,2810,48.7,48.7
91,"(1988) 
Knorr Bologna",30,6000,2623,50,50
92,"(1988) 
Snaidero Caserta",30,6000,2803,50.9,50.9
93,"(2001) 
Coop Nordest Trieste",36,7250,2861,46.4,46.4
94,"(2004) 
Vertical Vision Cantu'",34,6850,2911,48.4,48.4
95,"(2006) 
Angelico Biella",34,6850,2740,46.3,46.3
96,"(2007) 
Premiata Montegranaro",34,6850,2853,49.7,49.7
97,"(1988) 
Ipifim Torino",30,6025,2706,50.8,50.8
98,"(1988) 
Alno Fabriano",30,6000,2648,48.1,48.1
99,"(2002) 
Lauretana Biella",34,6950,2746,45.9,45.9
100,"(2004) 
Benetton Treviso",34,6825,2836,49.8,49.8
101,"(2006) 
VidiVici Bologna",34,6850,2779,48.6,48.6
102,"(2000) 
De Vizia Avellino",34,6850,2807,47.1,47.1
103,"(1989) 
Arimo Bologna",30,6025,2716,52.8,52.8
104,"(2000) 
Paf Bologna",34,6900,2750,49,49
105,"(2003) 
Sicilia Messina",34,6900,2768,48.2,48.2
106,"(1989) 
Cantine Riunite R.Emilia",30,6025,2668,54.1,54.1
107,"(1989) 
Irge Desio",30,6075,2656,47.7,47.7
108,"(1989) 
Phonola Caserta",30,6050,2789,50.5,50.5
109,"(2005) 
Armani Jeans Milano",34,6850,2826,48.6,48.6
110,"(1995) 
Stefanel Milano",32,6475,2789,53.5,53.5
111,"(1989) 
Benetton Treviso",30,6050,2584,52,52
112,"(2002) 
Pompea Napoli",34,6850,2735,48.7,48.7
113,"(1990) 
Philips Milano",30,6025,2857,49.3,49.3
114,"(2003) 
Oregon Scientific Cantu'",34,6825,2835,47.5,47.5
115,"(2003) 
Metis Varese",34,6850,2906,47.6,47.6
116,"(2006) 
Climamio Bologna",34,6850,2764,47.2,47.2
117,"(2003) 
Snaidero Cucine Udine",34,6950,2850,50.1,50.1
118,"(2003) 
Mabo Livorno",34,6850,2765,46.2,46.2
119,"(2002) 
Metis Varese",34,6825,2695,49.6,49.6
120,"(2007) 
Lottomatica Roma",34,6675,2650,49.5,49.5
121,"(1988) 
Vismara Cantu'",30,5825,2745,53.1,53.1
122,"(2005) 
Upea Capo d'Orlando",34,6900,2779,46.5,46.5
123,"(2000) 
Adr Roma",34,6850,2818,46.2,46.2
124,"(1991) 
Scavolini Pesaro",30,6000,2690,53.3,53.3
125,"(2007) 
Siviglia Wear Teramo",34,6850,2845,46.3,46.3
126,"(2004) 
Scavolini Pesaro",34,6800,2709,47.2,47.2
127,"(1989) 
Paini Napoli",30,6000,2656,47.9,47.9
128,"(2002) 
Scavolini Pesaro",34,6850,2736,43.9,43.9
129,"(2004) 
Lottomatica Roma",34,6850,2761,46.3,46.3
130,"(2007) 
Scavolini Spar Pesaro",34,6825,2762,46.5,46.5
131,"(1987) 
Irge Desio",30,6050,2568,48.7,48.7
132,"(1994) 
Illycaffe' Trieste",32,6425,2663,47.9,47.9
133,"(2002) 
Snaidero Udine",34,6850,2656,48.6,48.6
134,"(2021) 
Virtus Segafredo Bologna",30,6080,2666,50.4,50.4
135,"(2021) 
Virtus Segafredo Bologna",30,6080,2666,50.4,50.4
136,"(1990) 
S. Clear Cantu'",30,6050,2663,52.5,52.5
137,"(1990) 
Filodoro Napoli",30,6100,2581,49.9,49.9
138,"(2002) 
Acegas Trieste",34,6875,2680,47.3,47.3
139,"(2004) 
Villaggio Solidago Livorno",34,6825,2815,44.5,44.5
140,"(2004) 
Sicc Cucine Jesi",34,6850,2751,45,45
141,"(2002) 
Skipper Bologna",34,6800,2796,47.7,47.7
142,"(1995) 
Madigan Pistoia",32,6425,2648,52.5,52.5
143,"(1991) 
Robe di Kappa Torino",30,6075,2663,52.4,52.4
144,"(2001) 
Würth Roma",36,7225,2813,45.8,45.8
145,"(2006) 
Siviglia Wear Teramo",34,6800,2758,45.8,45.8
146,"(1994) 
Stefanel Milano",32,6450,2766,51,51
147,"(1994) 
Benetton Treviso",32,6425,2781,52.5,52.5
148,"(2005) 
Snaidero Udine",34,6850,2819,45.5,45.5
149,"(1990) 
Panasonic R.Calabria",30,6050,2660,49.5,49.5
150,"(2018) 
Alma Trieste",30,6050,2634,48.5,48.5
151,"(1993) 
Onyx Caserta",30,6000,2678,49.1,49.1
152,"(2000) 
Poliform Cantu'",34,6900,2676,45.1,45.1
153,"(1994) 
Buckler Bologna",32,6425,2866,54.8,54.8
154,"(1990) 
Il Messaggero Roma",30,6020,2731,51.4,51.4
155,"(2005) 
Basket Livorno",34,6925,2764,48.2,48.2
156,"(2005) 
Lottomatica Roma",34,6900,2740,48.2,48.2
157,"(2004) 
Eurofiditalia R.Calabria",34,6875,2720,45.7,45.7
158,"(2012) 
Banco di Sardegna Sassari",30,6050,2677,49.3,49.3
159,"(1991) 
A. Ranger Varese",30,6050,2675,49.3,49.3
160,"(1988) 
Divarese Varese",30,6000,2614,50.4,50.4
161,"(2004) 
Air Avellino",34,6800,2737,45.1,45.1
162,"(2001) 
Fillattice Imola",36,7325,2856,43.8,43.8
163,"(2003) 
Lauretana Biella",34,6900,2756,46.9,46.9
164,"(2007) 
Tisettanta Cantu'",34,6875,2708,47.2,47.2
165,"(2002) 
Euro Roseto",34,6825,2682,48.7,48.7
166,"(2000) 
Telit Trieste",34,6625,2683,44.3,44.3
167,"(1991) 
Fernet Branca Pavia",30,6100,2752,50.5,50.5
168,"(2005) 
Montepaschi Siena",34,6850,2763,47.2,47.2
169,"(1995) 
Illycaffe' Trieste",32,6425,2557,47.9,47.9
170,"(2003) 
Tris Reggio Calabria",34,6900,2733,48.4,48.4
171,"(1989) 
Neutroroberts Firenze",30,6150,2648,48.9,48.9
172,"(2002) 
Pippo Milano",34,6850,2743,48.8,48.8
173,"(1992) 
Benetton Treviso",30,6075,2658,53.7,53.7
174,"(2023) 
Virtus Segafredo Bologna",30,6050,2668,50.3,50.3
175,"(2007) 
Eldo Napoli",34,6875,2672,44.5,44.5
176,"(2004) 
Navigo.it Teramo",34,6825,2758,45.4,45.4
177,"(1995) 
Cagiva Varese",32,6475,2807,51.1,51.1
178,"(1994) 
Panapesca Montecatini",32,6450,2649,48.7,48.7
179,"(1990) 
Pall. Firenze",30,6000,2652,48.1,48.1
180,"(2013) 
Banco di Sardegna Sassari",30,6000,2589,49.8,49.8
181,"(1992) 
Virtus Roma",30,6000,2695,53,53
182,"(2006) 
Whirlpool Varese",34,6900,2747,47.4,47.4
183,"(2007) 
Angelico Biella",34,6875,2725,45.3,45.3
184,"(1992) 
Philips Milano",30,6025,2752,51.7,51.7
185,"(2023) 
Germani Brescia",30,6025,2618,48.7,48.7
186,"(2007) 
Cimberio Varese",34,6975,2656,44.8,44.8
187,"(2004) 
Snaidero Cucine Udine",34,6825,2675,47.6,47.6
188,"(2003) 
Breil Milano",34,6800,2744,46.4,46.4
189,"(1994) 
Scavolini Pesaro",32,6500,2727,51,51
190,"(2011) 
Banco di Sardegna Sassari",32,6400,2581,46.4,46.4
191,"(1989) 
Viola Reggio Calabria",30,6050,2582,50.7,50.7
192,"(2005) 
Angelico Biella",34,6850,2730,44.1,44.1
193,"(1988) 
Arimo Bologna",30,6025,2636,53.4,53.4
194,"(1988) 
Allibert Livorno",30,5825,2512,51.4,51.4
195,"(2005) 
Vertical Vision Cantu'",34,6850,2699,46.7,46.7
196,"(2004) 
Casti Group Varese",34,6825,2736,48.2,48.2
197,"(1994) 
Madigan Pistoia",32,6425,2670,50.9,50.9
198,"(2006) 
Tisettanta Cantu'",34,6900,2679,46.6,46.6
199,"(2002) 
Virtus Bologna",34,6850,2659,45.6,45.6
200,"(2006) 
TDShop.it Livorno",34,6850,2681,48.1,48.1
201,"(2006) 
Legea Scafati",34,6850,2748,46.9,46.9
202,"(2002) 
Air Avellino",34,6900,2728,44.6,44.6
203,"(2022) 
Openjobmetis Varese",30,6050,2726,46.4,46.4
204,"(2022) 
Openjobmetis Varese",30,6050,2726,46.4,46.4
205,"(1991) 
Filanto Forli'",30,5825,2537,48.3,48.3
206,"(1988) 
Phonola Roma",30,6000,2479,50.8,50.8
207,"(2002) 
Oregon Scientific Cantu'",34,6800,2718,45.9,45.9
208,"(2011) 
Montepaschi Siena",32,6475,2639,49.5,49.5
209,"(1990) 
Knorr Bologna",30,6019,2574,47.3,47.3
210,"(2005) 
Viola R.Calabria",34,6875,2549,44.8,44.8
211,"(2000) 
Cordivari Roseto",34,6600,2789,48.9,48.9
212,"(1993) 
Burghy Roma",30,6025,2666,51.4,51.4
213,"(2017) 
Red October Cantù",30,6050,2619,46.3,46.3
214,"(1993) 
Recoaro Milano",30,6075,2740,52.2,52.2
215,"(2018) 
Acqua S.Bernardo Cantù",30,6050,2526,47,47
216,"(2007) 
La Fortezza Bologna",34,6850,2684,46,46
217,"(2004) 
Armani Jeans Milano",34,6825,2680,48.2,48.2
218,"(2006) 
Bipop Carire R.Emilia",34,6800,2560,44,44
219,"(2006) 
Snaidero Cucine Udine",34,6800,2753,46,46
220,"(1990) 
Stefanel Trieste",30,6050,2609,47.8,47.8
221,"(2016) 
EA7 Emporio Armani Milano",30,6000,2584,49.8,49.8
222,"(2002) 
Viola Reggio Calabria",34,6850,2607,47.9,47.9
223,"(2007) 
Armani Jeans Milano",34,6800,2708,46.8,46.8
224,"(2007) 
Solsonica Rieti",34,6875,2689,45.8,45.8
225,"(1995) 
Teamsystem Bologna",32,6525,2723,52.6,52.6
226,"(2017) 
Vanoli Cremona",30,6000,2554,46.3,46.3
227,"(2002) 
Lottomatica Roma",34,6825,2670,46.8,46.8
228,"(1991) 
S. Clear Cantu'",30,6025,2527,51.5,51.5
229,"(2014) 
EA7 Emporio Armani Milano",30,6000,2584,50.4,50.4
230,"(1995) 
Nuova Tirrena Roma",32,6450,2711,50.1,50.1
231,"(1988) 
Hitachi Venezia",30,6000,2482,48.8,48.8
232,"(2017) 
Sidigas Avellino",30,6175,2492,50.4,50.4
233,"(2017) 
Banco di Sardegna Sassari",30,6100,2586,48.4,48.4
234,"(1995) 
Mash J. Verona",32,6525,2647,48.4,48.4
235,"(2006) 
Air Avellino",34,6825,2648,45.7,45.7
236,"(1993) 
Scavolini Pesaro",30,6000,2625,52.8,52.8
237,"(2018) 
Banco di Sardegna Sassari",30,5875,2593,46.7,46.7
238,"(2004) 
Sedima Roseto",34,6850,2692,45.5,45.5
239,"(2007) 
Benetton Treviso",34,6825,2607,44.1,44.1
240,"(1994) 
Meta System R.Emilia",32,6450,2569,45.8,45.8
241,"(1988) 
Benetton Treviso",30,6025,2467,50.2,50.2
242,"(1995) 
Olitalia Forli'",32,6475,2614,48.7,48.7
243,"(2008) 
Montepaschi Siena",30,6050,2651,50.2,50.2
244,"(1991) 
Knorr Bologna",30,5875,2561,49.8,49.8
245,"(2006) 
Upea Capo d'Orlando",34,6825,2524,46,46
246,"(2011) 
Acea Roma",32,6525,2519,47.8,47.8
247,"(1992) 
Robe di Kappa Torino",30,6125,2594,48.3,48.3
248,"(1987) 
Benetton Treviso",30,6050,2485,50.2,50.2
249,"(2007) 
Snaidero Cucine Udine",34,6825,2591,44.8,44.8
250,"(2006) 
Eldo Napoli",34,6875,2648,45.4,45.4
251,"(1992) 
Panasonic R.Calabria",30,6075,2688,48.8,48.8
252,"(2014) 
Dolomiti Energia Trento",30,6075,2440,44.5,44.5
253,"(2006) 
Lottomatica Roma",34,6925,2556,46.9,46.9
254,"(2007) 
Legea Scafati",34,6600,2587,46.8,46.8
255,"(1994) 
Pfizer R.Calabria",32,6425,2629,50.1,50.1
256,"(2006) 
Premiata Montegranaro",34,6825,2699,46.6,46.6
257,"(2012) 
Sutor Montegranaro",30,6050,2489,46.3,46.3
258,"(2012) 
Enel Brindisi",30,6025,2441,48.5,48.5
259,"(2003) 
Lottomatica Roma",34,6925,2712,46.2,46.2
260,"(2002) 
Mabo Prefabbricati Livorno",34,6800,2637,44.7,44.7
261,"(2005) 
Air Avellino",34,6800,2589,43.5,43.5
262,"(1994) 
Birex Verona",32,6450,2592,48.3,48.3
263,"(2018) 
A|X Armani Exchange Milano",30,5875,2609,49,49
264,"(1992) 
S. Clear Cantu'",30,6100,2572,51.9,51.9
265,"(2021) 
Banco di Sardegna Sassari",30,6075,2541,46.3,46.3
266,"(2021) 
Banco di Sardegna Sassari",30,6075,2541,46.3,46.3
267,"(2023) 
Dolomiti Energia Trentino",30,6025,2498,45.7,45.7
268,"(2007) 
Upim Bologna",34,6850,2669,44.7,44.7
269,"(2018) 
Happy Casa Brindisi",30,6075,2454,45.5,45.5
270,"(2004) 
Bipop Carire RE",34,6875,2657,44.7,44.7
271,"(2005) 
Whirlpool Varese",34,6875,2620,46.7,46.7
272,"(2011) 
EA7 Armani Milano",32,6400,2532,48.6,48.6
273,"(2008) 
Lottomatica Roma",30,6125,2556,49.9,49.9
274,"(1992) 
Knorr Bologna",30,6050,2575,51.4,51.4
275,"(1993) 
S. Clear Cantu'",30,6050,2465,51.2,51.2
276,"(1992) 
Phonola Caserta",30,6075,2541,47.8,47.8
277,"(1989) 
Panapesca Montecatini",30,6025,2521,47.8,47.8
278,"(2013) 
Umana Venezia",30,6000,2394,48.2,48.2
279,"(1993) 
Buckler Bologna",30,6075,2651,53,53
280,"(1993) 
Kleenex Pistoia",30,6050,2588,50.6,50.6
281,"(1994) 
Filodoro Bologna",32,6475,2725,49.5,49.5
282,"(2018) 
Fiat Torino",30,6125,2492,47.7,47.7
283,"(2018) 
Vanoli Cremona",30,5850,2484,45,45
284,"(2013) 
EA7 Emporio Armani Milano",30,6025,2452,48.8,48.8
285,"(2022) 
Carpegna Prosciutto Pesaro",30,6050,2531,46.4,46.4
286,"(2022) 
Carpegna Prosciutto Pesaro",30,6050,2531,46.4,46.4
287,"(2002) 
Carifac Fabriano",34,6925,2460,42.6,42.6
288,"(1994) 
Teorematour Roma",32,6425,2572,49.4,49.4
289,"(2022) 
Banco di Sardegna Sassari",30,6025,2530,48.9,48.9
290,"(2022) 
Happy Casa Brindisi",30,6025,2494,44.8,44.8
291,"(2022) 
Banco di Sardegna Sassari",30,6025,2530,48.9,48.9
292,"(2023) 
UNAHOTELS Reggio Emilia",30,6000,2403,46,46
293,"(1988) 
Paini Napoli",30,5800,2516,48.1,48.1
294,"(2011) 
Angelico Biella",32,6500,2454,47.6,47.6
295,"(2018) 
Sidigas Avellino",30,6025,2470,45.8,45.8
296,"(2021) 
Germani Brescia",30,6000,2524,46.9,46.9
297,"(2021) 
Germani Brescia",30,6000,2524,46.9,46.9
298,"(2015) 
Banco di Sardegna Sassari",30,6125,2509,47.3,47.3
299,"(2008) 
Scavolini Spar Pesaro",30,6075,2456,49.4,49.4
300,"(2014) 
Banco di Sardegna Sassari",30,6075,2549,43.7,43.7
301,"(1993) 
C. Campeginese R.Emilia",30,6075,2582,46.8,46.8
302,"(1992) 
Baker Livorno",30,6000,2444,49,49
303,"(1993) 
Benetton Treviso",30,6100,2480,50.4,50.4
304,"(2017) 
Umana Reyer Venezia",30,6075,2481,47.1,47.1
305,"(2016) 
Enel Brindisi",30,6100,2495,45.9,45.9
306,"(2018) 
Umana Reyer Venezia",30,6075,2440,46.8,46.8
307,"(2012) 
Cimberio Varese",30,6050,2519,47,47
308,"(2015) 
Dolomiti Energia Trentino",30,6025,2292,45.5,45.5
309,"(2023) 
Givova Scafati Basket",30,6100,2481,48.1,48.1
310,"(2016) 
The Flexx Pistoia",30,6075,2306,44.9,44.9
311,"(1992) 
Marr Rimini",30,6100,2489,47,47
312,"(2012) 
Vanoli Cremona",30,6025,2397,47,47
313,"(1988) 
Cantine Riunite R.Emilia",30,5825,2502,49.9,49.9
314,"(1992) 
Kleenex Pistoia",30,6050,2521,50.3,50.3
315,"(2008) 
Angelico Biella",30,6050,2514,47.8,47.8
316,"(1993) 
Stefanel Trieste",30,6075,2584,50.3,50.3
317,"(2021) 
A|X Armani Exchange Milano",30,6050,2465,46.8,46.8
318,"(2021) 
A|X Armani Exchange Milano",30,6050,2465,46.8,46.8
319,"(2006) 
Benetton Treviso",34,6800,2582,46.4,46.4
320,"(2022) 
Umana Reyer Venezia",30,6075,2510,47.8,47.8
321,"(2022) 
Umana Reyer Venezia",30,6075,2510,47.8,47.8
322,"(2006) 
Armani Jeans Milano",34,6800,2663,47.2,47.2
323,"(1990) 
Sidis R.Emilia",30,6125,2473,50.5,50.5
324,"(2017) 
EA7 Emporio Armani Milano",30,6075,2463,47.1,47.1
325,"(2021) 
Happy Casa Brindisi",30,6075,2440,45,45
326,"(2012) 
EA7 Emporio Armani Milano",30,6075,2441,47.8,47.8
327,"(2021) 
Happy Casa Brindisi",30,6075,2440,45,45
328,"(2023) 
Generazione Vincente Napoli Basket",30,6029,2587,45,45
329,"(2010) 
Montepaschi Siena",30,6000,2514,51.2,51.2
330,"(2021) 
Allianz Pallacanestro Trieste",30,6098,2390,47.3,47.3
331,"(2021) 
Allianz Pallacanestro Trieste",30,6098,2390,47.3,47.3
332,"(2021) 
Bertram Derthona Basket Tortona",30,6050,2418,45.2,45.2
333,"(2021) 
Bertram Derthona Basket Tortona",30,6050,2418,45.2,45.2
334,"(2021) 
Openjobmetis Varese",30,6025,2470,43.2,43.2
335,"(1991) 
Stefanel Trieste",30,6025,2414,46.4,46.4
336,"(2017) 
Dolomiti Energia Trentino",30,6000,2423,45.8,45.8
337,"(2003) 
Coop Nordest Trieste",34,6625,2518,43.7,43.7
338,"(2013) 
Acqua Vitasnella Cantù",30,6050,2432,48.8,48.8
339,"(1991) 
Glaxo Verona",30,6050,2617,48.5,48.5
340,"(1995) 
Teorematour Milano",32,6400,2458,46.9,46.9
341,"(2011) 
Fabi Shoes Montegranaro",32,6425,2482,44,44
342,"(2011) 
Otto Caserta",32,6425,2479,44.7,44.7
343,"(2014) 
Acqua Vitasnella Cantù",30,6100,2389,47.1,47.1
344,"(2013) 
Cimberio Varese",30,6025,2389,46.2,46.2
345,"(2016) 
Umana Reyer Venezia",30,6125,2447,44.4,44.4
346,"(2015) 
EA7 Emporio Armani Milano",30,6025,2452,47.5,47.5
347,"(2022) 
Virtus Segafredo Bologna",30,6025,2542,48.3,48.3
348,"(2022) 
Virtus Segafredo Bologna",30,6025,2542,48.3,48.3
349,"(2011) 
Umana Venezia",32,6450,2475,45.9,45.9
350,"(2023) 
Openjobmetis Varese",30,6000,2618,45.6,45.6
351,"(1993) 
Glaxo Verona",30,6075,2539,50.8,50.8
352,"(2017) 
Segafredo Virtus Bologna",30,6025,2353,45,45
353,"(2023) 
Estra Pistoia",30,6025,2432,46.7,46.7
354,"(2010) 
Angelico Biella",30,6050,2393,47.8,47.8
355,"(2017) 
Fiat Torino",30,6025,2432,44.8,44.8
356,"(2013) 
Grissin Bon Reggio Emilia",30,6000,2341,47.8,47.8
357,"(2020) 
Virtus Segafredo Bologna",28,5600,2397,48.6,48.6
358,"(2017) 
Germani Basket Brescia",30,6075,2397,46.5,46.5
359,"(1992) 
Bialetti Montecatini",30,6075,2485,49.5,49.5
360,"(2010) 
Armani Jeans Milano",30,6075,2409,46.6,46.6
361,"(2014) 
Umana Reyer Venezia",30,6025,2400,45.7,45.7
362,"(2010) 
Vanoli-Braga Cremona",30,6125,2384,47.1,47.1
363,"(2020) 
Banco di Sardegna Sassari",28,5625,2527,50.2,50.2
364,"(2005) 
BT Roseto",34,6800,2464,42,42
365,"(2011) 
Sidigas Avellino",32,6475,2480,43.9,43.9
366,"(1995) 
Cx Orologi Siena",32,6425,2452,48.7,48.7
367,"(2011) 
Banca Tercas Teramo",32,6425,2373,43.9,43.9
368,"(2014) 
Openjobmetis Varese",30,6150,2418,43.1,43.1
369,"(2021) 
Carpegna Prosciutto Pesaro",30,6075,2408,46,46
370,"(2023) 
Umana Reyer Venezia",30,6025,2488,46.9,46.9
371,"(2013) 
Victoria Libertas Pesaro",30,6125,2360,44.2,44.2
372,"(2015) 
Acqua Vitasnella Cantù",30,6100,2422,46.3,46.3
373,"(1993) 
Bialetti Montecatini",30,6075,2472,50.5,50.5
374,"(2021) 
Vanoli Basket Cremona",30,6075,2386,44.2,44.2
375,"(2022) 
Bertram Yachts Derthona Tortona",30,6025,2407,44.7,44.7
376,"(2022) 
Bertram Yachts Derthona Tortona",30,6025,2407,44.7,44.7
377,"(1991) 
Phonola Caserta",30,6000,2447,46.5,46.5
378,"(2018) 
Openjobmetis Varese",30,6000,2385,43.5,43.5
379,"(2011) 
Canadian Solar Bologna",32,6450,2414,46.1,46.1
380,"(1991) 
Pall. Trapani",30,6125,2447,48.8,48.8
381,"(2016) 
Grissin Bon Reggio Emilia",30,6050,2458,46,46
382,"(2012) 
Trenkwalder Reggio Emilia",30,6000,2328,46.3,46.3
383,"(1993) 
Baker Livorno",30,6025,2412,45.4,45.4
384,"(2018) 
Dolomiti Energia Trentino",30,6100,2383,43.4,43.4
385,"(2017) 
Happy Casa Brindisi",30,6075,2317,44.8,44.8
386,"(2010) 
Air Avellino",30,6075,2468,46.9,46.9
387,"(2022) 
GeVi Napoli Basket",30,6075,2379,46.2,46.2
388,"(2013) 
Granarolo Bologna",30,6050,2335,47.5,47.5
389,"(2016) 
MIA-Red October Cantù",30,6025,2335,45.7,45.7
390,"(1991) 
Baker Livorno",30,6000,2390,47.9,47.9
391,"(1995) 
Viola Reggio Calabria",32,6450,2488,46.7,46.7
392,"(2015) 
Sidigas Avellino",30,6050,2389,45.6,45.6
393,"(2009) 
Montepaschi Siena",28,5600,2485,52.7,52.7
394,"(2012) 
Umana Venezia",30,6075,2370,46.7,46.7
395,"(2018) 
Segafredo Virtus Bologna",30,6000,2387,45.6,45.6
396,"(2010) 
Dinamo Sassari",30,6075,2463,47.2,47.2
397,"(2016) 
Dolomiti Energia Trentino",30,6050,2352,43.9,43.9
398,"(1992) 
Scavolini Pesaro",30,6000,2557,48.7,48.7
399,"(2011) 
Benetton Treviso",32,6450,2403,44.8,44.8
400,"(2021) 
Dolomiti Energia Trentino",30,6102,2345,43.7,43.7
401,"(2008) 
Banca Tercas Teramo",30,6100,2491,47,47
402,"(2016) 
Vanoli Cremona",30,6025,2370,45.4,45.4
403,"(2017) 
Grissin Bon Reggio Emilia",30,6000,2322,45.8,45.8
404,"(2015) 
Manital Torino",30,6075,2261,45,45
405,"(2021) 
UNAHOTELS Reggio Emilia",30,6150,2409,44.4,44.4
406,"(2016) 
Sidigas Avellino",30,6075,2392,46.9,46.9
407,"(2023) 
Vanoli Basket Cremona",30,6050,2406,46.7,46.7
408,"(1993) 
Pfizer R.Calabria",30,6050,2547,49.1,49.1
409,"(2016) 
Fiat Torino",30,6075,2455,44.4,44.4
410,"(2008) 
Benetton Treviso",30,6075,2320,47.5,47.5
411,"(2008) 
Carife Ferrara",30,6050,2359,48.4,48.4
412,"(2017) 
Openjobmetis Varese",30,6050,2355,45.2,45.2
413,"(2023) 
Banco di Sardegna Sassari",30,6025,2394,48.3,48.3
414,"(2018) 
Grissin Bon Reggio Emilia",30,6000,2363,43.3,43.3
415,"(2011) 
Novipiù Casale Monferrato",32,6525,2353,41.7,41.7
416,"(2011) 
Vanoli Braga Cremona",32,6425,2349,44.7,44.7
417,"(2010) 
Pepsi Caserta",30,6075,2395,46,46
418,"(1993) 
Acqua Lora Venezia",30,6050,2370,48.5,48.5
419,"(2011) 
Cimberio Varese",32,6475,2429,44.7,44.7
420,"(2008) 
Snaidero Cucine Udine",30,6025,2329,44.4,44.4
421,"(2022) 
EA7 Emporio Armani Milano",30,6025,2481,47.7,47.7
422,"(2022) 
EA7 Emporio Armani Milano",30,6025,2481,47.7,47.7
423,"(2023) 
EA7 Emporio Armani Milano",30,6000,2412,47.1,47.1
424,"(2021) 
GeVi Napoli Basket",30,6075,2393,44.1,44.1
425,"(2012) 
Acea Roma",30,6050,2361,46.6,46.6
426,"(2018) 
VL Pesaro",30,6025,2382,42.4,42.4
427,"(2013) 
Vanoli Cremona",30,6025,2285,45.9,45.9
428,"(2014) 
Sidigas Avellino",30,6000,2283,44.6,44.6
429,"(2016) 
Openjobmetis Varese",30,6050,2319,44.2,44.2
430,"(2010) 
Benetton Treviso",30,6025,2311,47.8,47.8
431,"(2013) 
Montepaschi Siena",30,6025,2308,46.3,46.3
432,"(2011) 
Bennet Cantù",32,6425,2383,47.3,47.3
433,"(2022) 
Pallacanestro Trieste",30,6075,2345,44.5,44.5
434,"(2020) 
Allianz Pallacanestro Trieste",28,5600,2253,46.6,46.6
435,"(2023) 
Bertram Derthona Tortona",30,6025,2411,43.8,43.8
436,"(2010) 
Lottomatica Roma",30,6000,2323,47.3,47.3
437,"(2023) 
Carpegna Prosciutto Pesaro",30,6050,2417,43.8,43.8
438,"(2013) 
Giorgio Tesi Group Pistoia",30,6100,2296,44.3,44.3
439,"(2022) 
Dolomiti Energia Trentino",30,6050,2288,44.7,44.7
440,"(2022) 
Dolomiti Energia Trentino",30,6050,2288,44.7,44.7
441,"(2015) 
Giorgio Tesi Group Pistoia",30,6050,2311,43,43
442,"(2021) 
Fortitudo Kigili Bologna",30,6027,2429,45.4,45.4
443,"(2008) 
NGC Cantu'",30,6025,2358,48.2,48.2
444,"(2008) 
La Fortezza Bologna",30,6075,2350,47.5,47.5
445,"(2015) 
Enel Brindisi",30,6125,2320,45.2,45.2
446,"(2020) 
Happy Casa Brindisi",28,5600,2395,46.5,46.5
447,"(2022) 
Germani Brescia",30,6100,2474,45,45
448,"(2022) 
Germani Brescia",30,6100,2474,45,45
449,"(1992) 
Teamsystem Fabriano",30,6100,2419,50,50
450,"(1999) 
Benetton Treviso",30,6025,2343,50.3,50.3
451,"(1991) 
Ticino Assicurazioni Siena",30,6000,2335,48.6,48.6
452,"(2020) 
Germani Brescia",28,5650,2299,45.8,45.8
453,"(2020) 
Vanoli Basket Cremona",28,5700,2370,44.6,44.6
454,"(1994) 
Comerson Siena",32,6400,2417,48.8,48.8
455,"(2023) 
NutriBullet Treviso Basket",30,6000,2434,44.5,44.5
456,"(2017) 
VL Pesaro",30,6050,2310,43.3,43.3
457,"(2018) 
Germani Basket Brescia",30,6050,2408,44,44
458,"(1999) 
Telit Trieste",30,6025,2220,50,50
459,"(2016) 
Germani Basket Brescia",30,6025,2360,44.9,44.9
460,"(2022) 
NutriBullet Treviso Basket",30,6000,2433,45.6,45.6
461,"(1993) 
Filodoro Bologna",30,6050,2506,49.1,49.1
462,"(1992) 
Scaini Venezia",30,6100,2314,48.8,48.8
463,"(2022) 
Tezenis Verona",30,6075,2353,43.5,43.5
464,"(2017) 
The Flexx Pistoia",30,6025,2267,42.1,42.1
465,"(2020) 
De'Longhi Treviso",28,5600,2353,45,45
466,"(2011) 
Scavolini Siviglia Pesaro",32,6450,2419,47.7,47.7
467,"(2016) 
Pasta Reggia Caserta",30,6075,2337,44.2,44.2
468,"(2020) 
A|X Armani Exchange Milano",28,5600,2385,47.3,47.3
469,"(2020) 
A|X Armani Exchange Milano",28,5600,2385,47.3,47.3
470,"(2014) 
Enel Brindisi",30,6025,2280,43.5,43.5
471,"(1999) 
Lineltex Imola",30,6025,2487,47.1,47.1
472,"(1992) 
Stefanel Trieste",30,6000,2417,47.5,47.5
473,"(2015) 
Umana Reyer Venezia",30,6150,2320,42.8,42.8
474,"(2015) 
Grissin Bon Reggio Emilia",30,6050,2424,45.7,45.7
475,"(2013) 
Enel Brindisi",30,6025,2286,44.2,44.2
476,"(2014) 
Giorgio Tesi Group Pistoia",30,6050,2307,42.4,42.4
477,"(2008) 
GMAC Bologna",30,6125,2251,45.4,45.4
478,"(2015) 
Vanoli Cremona",30,6125,2258,43.6,43.6
479,"(2016) 
VL Pallacanestro Pesaro",30,6050,2285,44.5,44.5
480,"(2014) 
Grissin Bon Reggio Emilia",30,6075,2317,45.1,45.1
481,"(2016) 
Betaland Capo d'Orlando",30,6050,2291,45.6,45.6
482,"(2013) 
Acea Roma",30,6050,2357,45.4,45.4
483,"(2021) 
NutriBullet Treviso Basket",30,6075,2366,43.3,43.3
484,"(2012) 
Angelico Biella",30,6075,2168,44.4,44.4
485,"(2013) 
Sutor Montegranaro",30,6025,2328,44,44
486,"(2010) 
Fabi Shoes Montegranaro",30,6050,2314,45.6,45.6
487,"(2012) 
Montepaschi Siena",30,6000,2309,45.4,45.4
488,"(2010) 
Bennet Cantù",30,6000,2311,48.8,48.8
489,"(2021) 
Umana Reyer Venezia",30,6025,2331,43.9,43.9
490,"(2020) 
Umana Reyer Venezia",28,5625,2257,46.3,46.3
491,"(2008) 
Armani Jeans Milano",30,6075,2316,44.9,44.9
492,"(1999) 
Paf Bologna",30,6000,2379,53.6,53.6
493,"(2008) 
Air Avellino",30,6075,2307,45.9,45.9
494,"(2015) 
Openjobmetis Varese",30,6025,2252,43.5,43.5
495,"(2016) 
Banco di Sardegna Sassari",30,6000,2301,44.7,44.7
496,"(2012) 
Sidigas Avellino",30,5875,2274,46.8,46.8
497,"(2010) 
Cimberio Varese",30,6050,2385,45.9,45.9
498,"(2012) 
Lenovo Cantù",30,5825,2222,48.3,48.3
499,"(2014) 
Vanoli Cremona",30,6075,2308,42.3,42.3
500,"(2010) 
Canadian Solar Bologna",30,6100,2345,44.4,44.4
501,"(2017) 
Betaland Capo d'Orlando",30,6050,2153,43.6,43.6
502,"(2015) 
Consultinvest Pesaro",30,6025,2282,43.3,43.3
503,"(2013) 
Pasta Reggia Caserta",30,6025,2189,44.5,44.5
504,"(2020) 
Carpegna Prosciutto Pesaro",28,5625,2271,44.5,44.5
505,"(1999) 
Scavolini Pesaro",30,6100,2324,48.6,48.6
506,"(2020) 
Dolomiti Energia Trentino",28,5650,2191,43.5,43.5
507,"(2020) 
Fortitudo Lavoropiù Bologna",28,5600,2179,46.9,46.9
508,"(2013) 
Sidigas Avellino",30,6050,2291,44.2,44.2
509,"(1999) 
Bipop-Carire R.Emilia",30,6000,2259,48.5,48.5
510,"(2014) 
Granarolo Bologna",30,6000,2331,41.9,41.9
511,"(1996) 
Genertel Trieste",26,5250,2207,52.4,52.4
512,"(1999) 
Varese Roosters",30,6025,2270,50.3,50.3
513,"(1996) 
Kinder Bologna",26,5250,2282,55.1,55.1
514,"(2018) 
Oriora Pistoia",30,5825,2233,43.4,43.4
515,"(2014) 
Pasta Reggia Caserta",30,6025,2253,42.2,42.2
516,"(2012) 
Oknoplast Bologna",30,6025,2249,44.5,44.5
517,"(1999) 
Viola Reggio Calabria",30,6000,2251,49,49
518,"(1996) 
Scavolini Pesaro",26,5275,2223,48.6,48.6
519,"(2015) 
Obiettivo Lavoro Bologna",30,6125,2239,41.8,41.8
520,"(2022) 
Givova Scafati",30,6050,2378,42.5,42.5
521,"(2008) 
Premiata Montegranaro",30,6125,2294,44.2,44.2
522,"(2009) 
Pepsi Caserta",28,5675,2247,46.3,46.3
523,"(2022) 
UNAHOTELS Reggio Emilia",30,6075,2287,44.6,44.6
524,"(2009) 
Benetton Treviso",28,5625,2230,48.2,48.2
525,"(2009) 
Scavolini Spar Pesaro",28,5675,2244,48.3,48.3
526,"(1999) 
Adecco Milano",30,6075,2117,46.7,46.7
527,"(1999) 
Kinder Bologna",30,6000,2275,51.4,51.4
528,"(2015) 
Pasta Reggia Caserta",30,6050,2171,41.3,41.3
529,"(2023) 
Happy Casa Brindisi",30,6025,2275,42.4,42.4
530,"(2012) 
Scavolini Banca Marche Pesaro",30,6000,2245,44,44
531,"(1999) 
Zucchetti Montecatini",30,6000,2260,49.4,49.4
532,"(2020) 
Openjobmetis Varese",28,5675,2271,43.4,43.4
533,"(2008) 
Solsonica Rieti",30,6050,2187,44.6,44.6
534,"(1999) 
Adr Roma",30,6050,2204,46.9,46.9
535,"(2010) 
Banca Tercas Teramo",30,6075,2253,43.1,43.1
536,"(2014) 
Consultinvest Pesaro",30,6000,2169,39,39
537,"(2010) 
Enel Brindisi",30,6050,2194,42.2,42.2
538,"(2015) 
Betaland Capo d'Orlando",30,6025,2058,42.2,42.2
539,"(1997) 
Teamsystem Bologna",26,5225,2172,53.1,53.1
540,"(2009) 
Sigma Coatings Montegranaro",28,5650,2194,45.5,45.5
541,"(1996) 
Telemarket Roma",26,5275,2176,49.6,49.6
542,"(1996) 
Rolly Pistoia",26,5225,2057,50.8,50.8
543,"(2014) 
Upea Capo d'Orlando",30,6000,2094,43.6,43.6
544,"(2009) 
Vanoli Cremona",28,5675,2229,45.4,45.4
545,"(2008) 
Eldo Caserta",30,6050,2236,44.7,44.7
546,"(1996) 
Benetton Treviso",26,5225,2195,49.3,49.3
547,"(2020) 
Acqua S.Bernardo Cantù",28,5625,2179,44,44
548,"(1999) 
Müller Verona",30,6000,2212,46.5,46.5
549,"(2009) 
Lottomatica Roma",28,5625,2149,48,48
550,"(1996) 
Stefanel Milano",26,5200,2101,50.5,50.5
551,"(2012) 
Juve Caserta",30,6100,2164,43.6,43.6
552,"(2010) 
Scavolini Siviglia Pesaro",30,6025,2186,45.9,45.9
553,"(2009) 
NGC Medical Cantu'",28,5625,2137,48.4,48.4
554,"(1996) 
Cagiva Varese",26,5250,2180,48.9,48.9
555,"(1999) 
Canturina Cantù",30,6075,2155,46.5,46.5
556,"(2014) 
Acea Roma",30,6025,2143,41.3,41.3
557,"(2009) 
Air Avellino",28,5675,2125,45.4,45.4
558,"(2020) 
UNAHOTELS Reggio Emilia",28,5625,2122,43.2,43.2
559,"(2009) 
Banca Tercas Teramo",28,5600,2151,46.2,46.2
560,"(2009) 
Armani Jeans Milano",28,5700,2103,45.6,45.6
561,"(1996) 
Viola Reggio Calabria",26,5250,2093,48.1,48.1
562,"(1996) 
Teamsystem Bologna",26,5225,2067,49,49
563,"(2009) 
Cimberio Varese",28,5625,2133,45.2,45.2
564,"(1998) 
Benetton Treviso",26,5250,2108,53.3,53.3
565,"(1997) 
Kinder Bologna",26,5225,2070,53.9,53.9
566,"(2009) 
Angelico Biella",28,5650,2132,45.3,45.3
567,"(1997) 
Mash J. Verona",26,5225,2070,50.1,50.1
568,"(1996) 
C. Montana Forli'",26,5200,1951,46.4,46.4
569,"(1997) 
Benetton Treviso",26,5200,2000,52.3,52.3
570,"(2009) 
Canadian Solar BO",28,5625,2074,46.5,46.5
571,"(1996) 
Polti Cantu'",26,5250,2001,49.2,49.2
572,"(1998) 
Pall. Varese",26,5025,2133,51.8,51.8
573,"(1997) 
Pall. Varese",26,5200,2103,48.7,48.7
574,"(2009) 
Carife Ferrara",28,5675,2074,45.3,45.3
575,"(1998) 
Kinder Bologna",26,5225,1983,53.7,53.7
576,"(1997) 
Stefanel Milano",26,5200,2030,51.7,51.7
577,"(1999) 
Ducato Siena",30,6075,2089,44.9,44.9
578,"(1996) 
Fontanafredda Siena",26,5225,2021,50.4,50.4
579,"(1997) 
Scavolini Pesaro",26,5225,2017,46.6,46.6
580,"(1996) 
Mash J. Verona",26,5350,2089,47.8,47.8
581,"(1998) 
Zucchetti R.Emilia",26,5300,2037,48,48
582,"(1997) 
Polti Cantu'",26,5250,1920,48,48
583,"(1998) 
Termal Imola",26,5200,2053,45.3,45.3
584,"(1999) 
Pepsi Rimini",30,6025,2145,45.9,45.9
585,"(1997) 
Mabo Pistoia",26,5225,1982,47.3,47.3
586,"(1998) 
Müller Verona",26,5300,1969,45.9,45.9
587,"(1998) 
Ducato Siena",26,5250,1997,48.4,48.4
588,"(1998) 
Sony Milano",26,5200,1952,49.4,49.4
589,"(1997) 
Fontanafredda Siena",26,5225,1928,46.2,46.2
590,"(1997) 
Viola Reggio Calabria",26,5200,1946,45.9,45.9
591,"(1997) 
Cfm R.Emilia",26,5250,1990,42.7,42.7
592,"(1997) 
Calze Pompea Roma",26,5250,1939,46.9,46.9
593,"(1998) 
Teamsystem Bologna",26,5200,2023,49.9,49.9
594,"(1998) 
Mabo Pistoia",26,5200,1792,46.1,46.1
595,"(2019) 
Virtus Roma",22,4425,1727,46.5,46.5
596,"(1998) 
Calze Pompea Roma",26,5300,1927,47.6,47.6
597,"(2019) 
Happy Casa Brindisi",21,4250,1776,45,45
598,"(1998) 
S.D.A.G. Gorizia",26,5250,1868,44.6,44.6
599,"(2019) 
Segafredo Virtus Bologna",20,4025,1719,49.7,49.7
600,"(2019) 
Dolomiti Energia Trentino",21,4225,1635,46.6,46.6
601,"(2019) 
Grissin Bon Reggio Emilia",21,4200,1741,46.1,46.1
602,"(2019) 
Allianz Pallacanestro Trieste",22,4425,1671,42.6,42.6
603,"(1998) 
Polti Cantu'",26,5075,1779,45.4,45.4
604,"(2019) 
Germani Basket Brescia",21,4200,1707,47.9,47.9
605,"(2019) 
Banco di Sardegna Sassari",21,4200,1796,49.6,49.6
606,"(2019) 
Vanoli Cremona",20,4000,1627,45.2,45.2
607,"(1997) 
Pepsi Rimini",26,5200,1808,43.8,43.8
608,"(1998) 
Pepsi Rimini",26,5225,1774,44.4,44.4
609,"(2019) 
Umana Reyer Venezia",21,4225,1638,44.4,44.4
610,"(2019) 
Pompea Fortitudo Bologna",21,4225,1624,47.1,47.1
611,"(2019) 
De'Longhi Treviso",21,4200,1620,43.6,43.6
612,"(2019) 
A|X Armani Exchange Milano",21,4200,1687,45.6,45.6
613,"(2019) 
S.Bernardo-Cinelandia Cantù",20,4050,1533,43.5,43.5
614,"(2019) 
Oriora Pistoia",22,4400,1639,41.5,41.5
615,"(2019) 
Carpegna Prosciutto Basket Pesaro",20,4025,1583,40.8,40.8
616,"(2019) 
Openjobmetis Varese",19,3825,1570,44.6,44.6